observableId	simulationConditionId	time	measurement	noiseParameters	replicateId
obs_p1	cond0	0.0	0.45331043318628733	sigma_rel_medium;sigma_abs_medium	rep1
obs_p1	cond0	2.5	1.2597490753926444	sigma_rel_medium;sigma_abs_medium	rep1
obs_p1	cond0	5.0	2.242660125242753	sigma_rel_medium;sigma_abs_medium	rep1
obs_p1	cond0	7.5	6.571092227699079	sigma_rel_medium;sigma_abs_medium	rep1
obs_p1	cond0	10.0	8.417431099483162	sigma_rel_medium;sigma_abs_medium	rep1
obs_p1	cond0	12.5	14.064089035257958	sigma_rel_medium;sigma_abs_medium	rep1
obs_p1	cond0	15.0	20.257559588339056	sigma_rel_medium;sigma_abs_medium	rep1
obs_p1	cond0	17.5	25.219031807257746	sigma_rel_medium;sigma_abs_medium	rep1
obs_p1	cond0	20.0	29.600110801311633	sigma_rel_medium;sigma_abs_medium	rep1
obs_p1	cond0	22.5	41.63928335015779	sigma_rel_medium;sigma_abs_medium	rep1
obs_p1	cond0	25.0	46.65325470519529	sigma_rel_medium;sigma_abs_medium	rep1
obs_p1	cond0	27.5	52.1019740019951	sigma_rel_medium;sigma_abs_medium	rep1
obs_p1	cond0	30.0	55.68103337948568	sigma_rel_medium;sigma_abs_medium	rep1
obs_p1	cond0	32.5	63.0192265925735	sigma_rel_medium;sigma_abs_medium	rep1
obs_p1	cond0	35.0	78.74899455090784	sigma_rel_medium;sigma_abs_medium	rep1
obs_p1	cond0	37.5	75.53698081855357	sigma_rel_medium;sigma_abs_medium	rep1
obs_p1	cond0	40.0	104.74695258536832	sigma_rel_medium;sigma_abs_medium	rep1
obs_p1	cond0	42.5	99.19602705804016	sigma_rel_medium;sigma_abs_medium	rep1
obs_p1	cond0	45.0	107.8979259963298	sigma_rel_medium;sigma_abs_medium	rep1
obs_p1	cond0	47.5	140.05404703524476	sigma_rel_medium;sigma_abs_medium	rep1
obs_p1	cond0	50.0	134.0923514068003	sigma_rel_medium;sigma_abs_medium	rep1
obs_p5	cond0	0.0	-0.0009483792232942018	sigma_rel_medium;sigma_abs_medium	rep1
obs_p5	cond0	2.5	4.4992139879252555	sigma_rel_medium;sigma_abs_medium	rep1
obs_p5	cond0	5.0	15.205370555089857	sigma_rel_medium;sigma_abs_medium	rep1
obs_p5	cond0	7.5	22.946854170558698	sigma_rel_medium;sigma_abs_medium	rep1
obs_p5	cond0	10.0	41.03076305587425	sigma_rel_medium;sigma_abs_medium	rep1
obs_p5	cond0	12.5	61.276463648832625	sigma_rel_medium;sigma_abs_medium	rep1
obs_p5	cond0	15.0	63.14632496084639	sigma_rel_medium;sigma_abs_medium	rep1
obs_p5	cond0	17.5	60.43733293469596	sigma_rel_medium;sigma_abs_medium	rep1
obs_p5	cond0	20.0	96.38251368629301	sigma_rel_medium;sigma_abs_medium	rep1
obs_p5	cond0	22.5	69.39370308143401	sigma_rel_medium;sigma_abs_medium	rep1
obs_p5	cond0	25.0	95.18774803132116	sigma_rel_medium;sigma_abs_medium	rep1
obs_p5	cond0	27.5	82.56388591152299	sigma_rel_medium;sigma_abs_medium	rep1
obs_p5	cond0	30.0	89.9499055575719	sigma_rel_medium;sigma_abs_medium	rep1
obs_p5	cond0	32.5	106.40273758207037	sigma_rel_medium;sigma_abs_medium	rep1
obs_p5	cond0	35.0	98.6765478566995	sigma_rel_medium;sigma_abs_medium	rep1
obs_p5	cond0	37.5	107.1347975433699	sigma_rel_medium;sigma_abs_medium	rep1
obs_p5	cond0	40.0	99.6272682786354	sigma_rel_medium;sigma_abs_medium	rep1
obs_p5	cond0	42.5	82.54246629223945	sigma_rel_medium;sigma_abs_medium	rep1
obs_p5	cond0	45.0	98.21599947667191	sigma_rel_medium;sigma_abs_medium	rep1
obs_p5	cond0	47.5	89.12189330632437	sigma_rel_medium;sigma_abs_medium	rep1
obs_p5	cond0	50.0	85.55816729373859	sigma_rel_medium;sigma_abs_medium	rep1
obs_p11	cond0	0.0	-0.27107804722573	sigma_rel_medium;sigma_abs_medium	rep1
obs_p11	cond0	2.5	1.4515033667105754	sigma_rel_medium;sigma_abs_medium	rep1
obs_p11	cond0	5.0	3.3510243045677885	sigma_rel_medium;sigma_abs_medium	rep1
obs_p11	cond0	7.5	10.062209424929634	sigma_rel_medium;sigma_abs_medium	rep1
obs_p11	cond0	10.0	14.131664033587844	sigma_rel_medium;sigma_abs_medium	rep1
obs_p11	cond0	12.5	19.948499112710877	sigma_rel_medium;sigma_abs_medium	rep1
obs_p11	cond0	15.0	24.019933098814512	sigma_rel_medium;sigma_abs_medium	rep1
obs_p11	cond0	17.5	24.757807274824415	sigma_rel_medium;sigma_abs_medium	rep1
obs_p11	cond0	20.0	38.79401958702991	sigma_rel_medium;sigma_abs_medium	rep1
obs_p11	cond0	22.5	48.46432355975074	sigma_rel_medium;sigma_abs_medium	rep1
obs_p11	cond0	25.0	56.36250565635004	sigma_rel_medium;sigma_abs_medium	rep1
obs_p11	cond0	27.5	52.652344307154884	sigma_rel_medium;sigma_abs_medium	rep1
obs_p11	cond0	30.0	45.69978714584741	sigma_rel_medium;sigma_abs_medium	rep1
obs_p11	cond0	32.5	61.90584997584647	sigma_rel_medium;sigma_abs_medium	rep1
obs_p11	cond0	35.0	69.7641947306858	sigma_rel_medium;sigma_abs_medium	rep1
obs_p11	cond0	37.5	61.81881399643894	sigma_rel_medium;sigma_abs_medium	rep1
obs_p11	cond0	40.0	55.58065180949116	sigma_rel_medium;sigma_abs_medium	rep1
obs_p11	cond0	42.5	68.7759162895094	sigma_rel_medium;sigma_abs_medium	rep1
obs_p11	cond0	45.0	66.33998051642963	sigma_rel_medium;sigma_abs_medium	rep1
obs_p11	cond0	47.5	62.61508299337153	sigma_rel_medium;sigma_abs_medium	rep1
obs_p11	cond0	50.0	64.94466733045412	sigma_rel_medium;sigma_abs_medium	rep1
obs_p17	cond0	0.0	-0.41067489330389584	sigma_rel_medium;sigma_abs_medium	rep1
obs_p17	cond0	2.5	0.5862547129949982	sigma_rel_medium;sigma_abs_medium	rep1
obs_p17	cond0	5.0	1.7056156632637713	sigma_rel_medium;sigma_abs_medium	rep1
obs_p17	cond0	7.5	1.3701111106001798	sigma_rel_medium;sigma_abs_medium	rep1
obs_p17	cond0	10.0	1.9916185949863638	sigma_rel_medium;sigma_abs_medium	rep1
obs_p17	cond0	12.5	3.5587420961393925	sigma_rel_medium;sigma_abs_medium	rep1
obs_p17	cond0	15.0	5.9460886353953395	sigma_rel_medium;sigma_abs_medium	rep1
obs_p17	cond0	17.5	8.62511475013097	sigma_rel_medium;sigma_abs_medium	rep1
obs_p17	cond0	20.0	12.515655811229834	sigma_rel_medium;sigma_abs_medium	rep1
obs_p17	cond0	22.5	14.027661214231616	sigma_rel_medium;sigma_abs_medium	rep1
obs_p17	cond0	25.0	18.55250129037043	sigma_rel_medium;sigma_abs_medium	rep1
obs_p17	cond0	27.5	25.119932677946956	sigma_rel_medium;sigma_abs_medium	rep1
obs_p17	cond0	30.0	45.20458398310869	sigma_rel_medium;sigma_abs_medium	rep1
obs_p17	cond0	32.5	39.308266630938775	sigma_rel_medium;sigma_abs_medium	rep1
obs_p17	cond0	35.0	46.80951733770917	sigma_rel_medium;sigma_abs_medium	rep1
obs_p17	cond0	37.5	58.058303826513914	sigma_rel_medium;sigma_abs_medium	rep1
obs_p17	cond0	40.0	66.93387907827409	sigma_rel_medium;sigma_abs_medium	rep1
obs_p17	cond0	42.5	73.56469450933902	sigma_rel_medium;sigma_abs_medium	rep1
obs_p17	cond0	45.0	76.77265082242468	sigma_rel_medium;sigma_abs_medium	rep1
obs_p17	cond0	47.5	95.17510667274539	sigma_rel_medium;sigma_abs_medium	rep1
obs_p17	cond0	50.0	84.95591211620506	sigma_rel_medium;sigma_abs_medium	rep1
obs_p18	cond0	0.0	0.45976229201673496	sigma_rel_medium;sigma_abs_medium	rep1
obs_p18	cond0	2.5	0.4217402318016772	sigma_rel_medium;sigma_abs_medium	rep1
obs_p18	cond0	5.0	2.0831672268887123	sigma_rel_medium;sigma_abs_medium	rep1
obs_p18	cond0	7.5	4.6069533254104895	sigma_rel_medium;sigma_abs_medium	rep1
obs_p18	cond0	10.0	4.477743151253937	sigma_rel_medium;sigma_abs_medium	rep1
obs_p18	cond0	12.5	7.112850908458262	sigma_rel_medium;sigma_abs_medium	rep1
obs_p18	cond0	15.0	7.6579161208894835	sigma_rel_medium;sigma_abs_medium	rep1
obs_p18	cond0	17.5	7.456172371054095	sigma_rel_medium;sigma_abs_medium	rep1
obs_p18	cond0	20.0	7.207779544970002	sigma_rel_medium;sigma_abs_medium	rep1
obs_p18	cond0	22.5	10.762546148136689	sigma_rel_medium;sigma_abs_medium	rep1
obs_p18	cond0	25.0	7.889374686585695	sigma_rel_medium;sigma_abs_medium	rep1
obs_p18	cond0	27.5	11.926853083660419	sigma_rel_medium;sigma_abs_medium	rep1
obs_p18	cond0	30.0	10.35106708140943	sigma_rel_medium;sigma_abs_medium	rep1
obs_p18	cond0	32.5	10.800267502886935	sigma_rel_medium;sigma_abs_medium	rep1
obs_p18	cond0	35.0	9.835026461003986	sigma_rel_medium;sigma_abs_medium	rep1
obs_p18	cond0	37.5	11.386807892306715	sigma_rel_medium;sigma_abs_medium	rep1
obs_p18	cond0	40.0	12.135626694677988	sigma_rel_medium;sigma_abs_medium	rep1
obs_p18	cond0	42.5	8.82918638888739	sigma_rel_medium;sigma_abs_medium	rep1
obs_p18	cond0	45.0	10.097304950644823	sigma_rel_medium;sigma_abs_medium	rep1
obs_p18	cond0	47.5	9.749928639118169	sigma_rel_medium;sigma_abs_medium	rep1
obs_p18	cond0	50.0	12.866048566706699	sigma_rel_medium;sigma_abs_medium	rep1
obs_p19	cond0	0.0	0.4850848447861864	sigma_rel_medium;sigma_abs_medium	rep1
obs_p19	cond0	2.5	0.5872147378965157	sigma_rel_medium;sigma_abs_medium	rep1
obs_p19	cond0	5.0	0.818309762081842	sigma_rel_medium;sigma_abs_medium	rep1
obs_p19	cond0	7.5	2.1082141968018613	sigma_rel_medium;sigma_abs_medium	rep1
obs_p19	cond0	10.0	1.4716092315316958	sigma_rel_medium;sigma_abs_medium	rep1
obs_p19	cond0	12.5	2.606465679798889	sigma_rel_medium;sigma_abs_medium	rep1
obs_p19	cond0	15.0	2.5724572958226246	sigma_rel_medium;sigma_abs_medium	rep1
obs_p19	cond0	17.5	3.0693045143088318	sigma_rel_medium;sigma_abs_medium	rep1
obs_p19	cond0	20.0	2.552173947159106	sigma_rel_medium;sigma_abs_medium	rep1
obs_p19	cond0	22.5	2.756200841238293	sigma_rel_medium;sigma_abs_medium	rep1
obs_p19	cond0	25.0	3.509464319623368	sigma_rel_medium;sigma_abs_medium	rep1
obs_p19	cond0	27.5	2.3974389685251385	sigma_rel_medium;sigma_abs_medium	rep1
obs_p19	cond0	30.0	5.392339799939831	sigma_rel_medium;sigma_abs_medium	rep1
obs_p19	cond0	32.5	4.6484180696078825	sigma_rel_medium;sigma_abs_medium	rep1
obs_p19	cond0	35.0	6.35160278534155	sigma_rel_medium;sigma_abs_medium	rep1
obs_p19	cond0	37.5	7.212827780403699	sigma_rel_medium;sigma_abs_medium	rep1
obs_p19	cond0	40.0	12.54268653212158	sigma_rel_medium;sigma_abs_medium	rep1
obs_p19	cond0	42.5	9.770283575902056	sigma_rel_medium;sigma_abs_medium	rep1
obs_p19	cond0	45.0	7.273448075027736	sigma_rel_medium;sigma_abs_medium	rep1
obs_p19	cond0	47.5	14.78318819108425	sigma_rel_medium;sigma_abs_medium	rep1
obs_p19	cond0	50.0	12.73974947591501	sigma_rel_medium;sigma_abs_medium	rep1
obs_p1	cond0	0.0	0.22641873798370654	sigma_rel_medium;sigma_abs_medium	rep2
obs_p1	cond0	2.5	0.5623345766620648	sigma_rel_medium;sigma_abs_medium	rep2
obs_p1	cond0	5.0	2.7854314534419666	sigma_rel_medium;sigma_abs_medium	rep2
obs_p1	cond0	7.5	5.2959930844047705	sigma_rel_medium;sigma_abs_medium	rep2
obs_p1	cond0	10.0	9.352932416313266	sigma_rel_medium;sigma_abs_medium	rep2
obs_p1	cond0	12.5	14.43567793763509	sigma_rel_medium;sigma_abs_medium	rep2
obs_p1	cond0	15.0	17.197538957839644	sigma_rel_medium;sigma_abs_medium	rep2
obs_p1	cond0	17.5	26.941312306100926	sigma_rel_medium;sigma_abs_medium	rep2
obs_p1	cond0	20.0	32.702492729857134	sigma_rel_medium;sigma_abs_medium	rep2
obs_p1	cond0	22.5	33.97353143893641	sigma_rel_medium;sigma_abs_medium	rep2
obs_p1	cond0	25.0	49.08561428732992	sigma_rel_medium;sigma_abs_medium	rep2
obs_p1	cond0	27.5	53.41359430603548	sigma_rel_medium;sigma_abs_medium	rep2
obs_p1	cond0	30.0	63.321911777534176	sigma_rel_medium;sigma_abs_medium	rep2
obs_p1	cond0	32.5	71.65695780870959	sigma_rel_medium;sigma_abs_medium	rep2
obs_p1	cond0	35.0	74.70163003994614	sigma_rel_medium;sigma_abs_medium	rep2
obs_p1	cond0	37.5	77.73409298017474	sigma_rel_medium;sigma_abs_medium	rep2
obs_p1	cond0	40.0	107.31687248417828	sigma_rel_medium;sigma_abs_medium	rep2
obs_p1	cond0	42.5	113.09687670309475	sigma_rel_medium;sigma_abs_medium	rep2
obs_p1	cond0	45.0	126.443859720149	sigma_rel_medium;sigma_abs_medium	rep2
obs_p1	cond0	47.5	126.9931904725853	sigma_rel_medium;sigma_abs_medium	rep2
obs_p1	cond0	50.0	123.19144381019427	sigma_rel_medium;sigma_abs_medium	rep2
obs_p5	cond0	0.0	-0.40582048483687005	sigma_rel_medium;sigma_abs_medium	rep2
obs_p5	cond0	2.5	3.9631641135018665	sigma_rel_medium;sigma_abs_medium	rep2
obs_p5	cond0	5.0	16.530404358799522	sigma_rel_medium;sigma_abs_medium	rep2
obs_p5	cond0	7.5	28.305383404899644	sigma_rel_medium;sigma_abs_medium	rep2
obs_p5	cond0	10.0	37.944254993733594	sigma_rel_medium;sigma_abs_medium	rep2
obs_p5	cond0	12.5	51.7666676906179	sigma_rel_medium;sigma_abs_medium	rep2
obs_p5	cond0	15.0	63.68591565220809	sigma_rel_medium;sigma_abs_medium	rep2
obs_p5	cond0	17.5	80.19416373790997	sigma_rel_medium;sigma_abs_medium	rep2
obs_p5	cond0	20.0	79.31894164007355	sigma_rel_medium;sigma_abs_medium	rep2
obs_p5	cond0	22.5	79.06898861213257	sigma_rel_medium;sigma_abs_medium	rep2
obs_p5	cond0	25.0	86.93028862149733	sigma_rel_medium;sigma_abs_medium	rep2
obs_p5	cond0	27.5	90.85046701155945	sigma_rel_medium;sigma_abs_medium	rep2
obs_p5	cond0	30.0	106.83081426258539	sigma_rel_medium;sigma_abs_medium	rep2
obs_p5	cond0	32.5	97.91329841755523	sigma_rel_medium;sigma_abs_medium	rep2
obs_p5	cond0	35.0	82.1271776597166	sigma_rel_medium;sigma_abs_medium	rep2
obs_p5	cond0	37.5	106.64573565765669	sigma_rel_medium;sigma_abs_medium	rep2
obs_p5	cond0	40.0	99.0359897612901	sigma_rel_medium;sigma_abs_medium	rep2
obs_p5	cond0	42.5	97.6293829773682	sigma_rel_medium;sigma_abs_medium	rep2
obs_p5	cond0	45.0	109.77849069240659	sigma_rel_medium;sigma_abs_medium	rep2
obs_p5	cond0	47.5	90.85645720994903	sigma_rel_medium;sigma_abs_medium	rep2
obs_p5	cond0	50.0	101.45264644766992	sigma_rel_medium;sigma_abs_medium	rep2
obs_p11	cond0	0.0	0.49921202087045763	sigma_rel_medium;sigma_abs_medium	rep2
obs_p11	cond0	2.5	1.3409915950408078	sigma_rel_medium;sigma_abs_medium	rep2
obs_p11	cond0	5.0	5.647951207117771	sigma_rel_medium;sigma_abs_medium	rep2
obs_p11	cond0	7.5	8.065556888976317	sigma_rel_medium;sigma_abs_medium	rep2
obs_p11	cond0	10.0	12.56756229634189	sigma_rel_medium;sigma_abs_medium	rep2
obs_p11	cond0	12.5	23.374336380900193	sigma_rel_medium;sigma_abs_medium	rep2
obs_p11	cond0	15.0	22.81963770700847	sigma_rel_medium;sigma_abs_medium	rep2
obs_p11	cond0	17.5	36.14249553465346	sigma_rel_medium;sigma_abs_medium	rep2
obs_p11	cond0	20.0	35.597473160902005	sigma_rel_medium;sigma_abs_medium	rep2
obs_p11	cond0	22.5	39.31772084275827	sigma_rel_medium;sigma_abs_medium	rep2
obs_p11	cond0	25.0	47.25691290392196	sigma_rel_medium;sigma_abs_medium	rep2
obs_p11	cond0	27.5	46.7670591511207	sigma_rel_medium;sigma_abs_medium	rep2
obs_p11	cond0	30.0	48.02938936605856	sigma_rel_medium;sigma_abs_medium	rep2
obs_p11	cond0	32.5	61.638494854867176	sigma_rel_medium;sigma_abs_medium	rep2
obs_p11	cond0	35.0	53.615904781299456	sigma_rel_medium;sigma_abs_medium	rep2
obs_p11	cond0	37.5	52.57933340485245	sigma_rel_medium;sigma_abs_medium	rep2
obs_p11	cond0	40.0	71.84416756350522	sigma_rel_medium;sigma_abs_medium	rep2
obs_p11	cond0	42.5	79.12252362667168	sigma_rel_medium;sigma_abs_medium	rep2
obs_p11	cond0	45.0	75.23057265270091	sigma_rel_medium;sigma_abs_medium	rep2
obs_p11	cond0	47.5	73.42674544537638	sigma_rel_medium;sigma_abs_medium	rep2
obs_p11	cond0	50.0	66.51859048792792	sigma_rel_medium;sigma_abs_medium	rep2
obs_p17	cond0	0.0	0.3353814173256168	sigma_rel_medium;sigma_abs_medium	rep2
obs_p17	cond0	2.5	0.4951441417759284	sigma_rel_medium;sigma_abs_medium	rep2
obs_p17	cond0	5.0	1.0968472236144273	sigma_rel_medium;sigma_abs_medium	rep2
obs_p17	cond0	7.5	1.8834213500423802	sigma_rel_medium;sigma_abs_medium	rep2
obs_p17	cond0	10.0	1.0578306946892493	sigma_rel_medium;sigma_abs_medium	rep2
obs_p17	cond0	12.5	3.5747262482896414	sigma_rel_medium;sigma_abs_medium	rep2
obs_p17	cond0	15.0	4.969787211682094	sigma_rel_medium;sigma_abs_medium	rep2
obs_p17	cond0	17.5	8.545856204245972	sigma_rel_medium;sigma_abs_medium	rep2
obs_p17	cond0	20.0	11.487935362415213	sigma_rel_medium;sigma_abs_medium	rep2
obs_p17	cond0	22.5	16.501997119087353	sigma_rel_medium;sigma_abs_medium	rep2
obs_p17	cond0	25.0	22.00564419267637	sigma_rel_medium;sigma_abs_medium	rep2
obs_p17	cond0	27.5	29.411480173605483	sigma_rel_medium;sigma_abs_medium	rep2
obs_p17	cond0	30.0	36.14012527560422	sigma_rel_medium;sigma_abs_medium	rep2
obs_p17	cond0	32.5	41.26615592595368	sigma_rel_medium;sigma_abs_medium	rep2
obs_p17	cond0	35.0	53.262670736893085	sigma_rel_medium;sigma_abs_medium	rep2
obs_p17	cond0	37.5	54.13967229099638	sigma_rel_medium;sigma_abs_medium	rep2
obs_p17	cond0	40.0	59.78505061116936	sigma_rel_medium;sigma_abs_medium	rep2
obs_p17	cond0	42.5	75.22620625561088	sigma_rel_medium;sigma_abs_medium	rep2
obs_p17	cond0	45.0	85.65680825925841	sigma_rel_medium;sigma_abs_medium	rep2
obs_p17	cond0	47.5	86.27004871977037	sigma_rel_medium;sigma_abs_medium	rep2
obs_p17	cond0	50.0	86.53287468118754	sigma_rel_medium;sigma_abs_medium	rep2
obs_p18	cond0	0.0	0.07169641059477061	sigma_rel_medium;sigma_abs_medium	rep2
obs_p18	cond0	2.5	1.0977096476956103	sigma_rel_medium;sigma_abs_medium	rep2
obs_p18	cond0	5.0	1.7677657342505002	sigma_rel_medium;sigma_abs_medium	rep2
obs_p18	cond0	7.5	5.316572500934084	sigma_rel_medium;sigma_abs_medium	rep2
obs_p18	cond0	10.0	5.499352115396622	sigma_rel_medium;sigma_abs_medium	rep2
obs_p18	cond0	12.5	6.370210627134766	sigma_rel_medium;sigma_abs_medium	rep2
obs_p18	cond0	15.0	6.3039863535142695	sigma_rel_medium;sigma_abs_medium	rep2
obs_p18	cond0	17.5	8.667312144392664	sigma_rel_medium;sigma_abs_medium	rep2
obs_p18	cond0	20.0	9.241357821869633	sigma_rel_medium;sigma_abs_medium	rep2
obs_p18	cond0	22.5	9.859824546963898	sigma_rel_medium;sigma_abs_medium	rep2
obs_p18	cond0	25.0	9.103344009071936	sigma_rel_medium;sigma_abs_medium	rep2
obs_p18	cond0	27.5	11.033391678467622	sigma_rel_medium;sigma_abs_medium	rep2
obs_p18	cond0	30.0	10.417798031756746	sigma_rel_medium;sigma_abs_medium	rep2
obs_p18	cond0	32.5	10.336412674207388	sigma_rel_medium;sigma_abs_medium	rep2
obs_p18	cond0	35.0	12.390935276174805	sigma_rel_medium;sigma_abs_medium	rep2
obs_p18	cond0	37.5	10.309252036671738	sigma_rel_medium;sigma_abs_medium	rep2
obs_p18	cond0	40.0	14.442829754123602	sigma_rel_medium;sigma_abs_medium	rep2
obs_p18	cond0	42.5	10.256296623406051	sigma_rel_medium;sigma_abs_medium	rep2
obs_p18	cond0	45.0	11.311101963305994	sigma_rel_medium;sigma_abs_medium	rep2
obs_p18	cond0	47.5	9.331439927147821	sigma_rel_medium;sigma_abs_medium	rep2
obs_p18	cond0	50.0	9.573798589847385	sigma_rel_medium;sigma_abs_medium	rep2
obs_p19	cond0	0.0	0.06401377428333221	sigma_rel_medium;sigma_abs_medium	rep2
obs_p19	cond0	2.5	0.9807416962968798	sigma_rel_medium;sigma_abs_medium	rep2
obs_p19	cond0	5.0	1.3217661779371812	sigma_rel_medium;sigma_abs_medium	rep2
obs_p19	cond0	7.5	1.165209821708847	sigma_rel_medium;sigma_abs_medium	rep2
obs_p19	cond0	10.0	2.2383855246883186	sigma_rel_medium;sigma_abs_medium	rep2
obs_p19	cond0	12.5	2.3375164646796356	sigma_rel_medium;sigma_abs_medium	rep2
obs_p19	cond0	15.0	3.1728394818361108	sigma_rel_medium;sigma_abs_medium	rep2
obs_p19	cond0	17.5	1.855268321193785	sigma_rel_medium;sigma_abs_medium	rep2
obs_p19	cond0	20.0	2.512763448832223	sigma_rel_medium;sigma_abs_medium	rep2
obs_p19	cond0	22.5	2.171796105184619	sigma_rel_medium;sigma_abs_medium	rep2
obs_p19	cond0	25.0	2.51755056449407	sigma_rel_medium;sigma_abs_medium	rep2
obs_p19	cond0	27.5	4.019783046922957	sigma_rel_medium;sigma_abs_medium	rep2
obs_p19	cond0	30.0	4.050590689977139	sigma_rel_medium;sigma_abs_medium	rep2
obs_p19	cond0	32.5	3.8200791843187587	sigma_rel_medium;sigma_abs_medium	rep2
obs_p19	cond0	35.0	6.412369702808784	sigma_rel_medium;sigma_abs_medium	rep2
obs_p19	cond0	37.5	5.793033593182669	sigma_rel_medium;sigma_abs_medium	rep2
obs_p19	cond0	40.0	9.312462921377344	sigma_rel_medium;sigma_abs_medium	rep2
obs_p19	cond0	42.5	11.520463718643747	sigma_rel_medium;sigma_abs_medium	rep2
obs_p19	cond0	45.0	12.615024030860157	sigma_rel_medium;sigma_abs_medium	rep2
obs_p19	cond0	47.5	14.913084916337557	sigma_rel_medium;sigma_abs_medium	rep2
obs_p19	cond0	50.0	14.6593552761213	sigma_rel_medium;sigma_abs_medium	rep2
obs_p1	cond0	0.0	0.011224345654316105	sigma_rel_medium;sigma_abs_medium	rep3
obs_p1	cond0	2.5	1.1699576346613905	sigma_rel_medium;sigma_abs_medium	rep3
obs_p1	cond0	5.0	2.2341850741185074	sigma_rel_medium;sigma_abs_medium	rep3
obs_p1	cond0	7.5	4.618978037817877	sigma_rel_medium;sigma_abs_medium	rep3
obs_p1	cond0	10.0	8.539380108267826	sigma_rel_medium;sigma_abs_medium	rep3
obs_p1	cond0	12.5	16.359528939828106	sigma_rel_medium;sigma_abs_medium	rep3
obs_p1	cond0	15.0	17.14872220040056	sigma_rel_medium;sigma_abs_medium	rep3
obs_p1	cond0	17.5	23.811557452093652	sigma_rel_medium;sigma_abs_medium	rep3
obs_p1	cond0	20.0	30.652584783206567	sigma_rel_medium;sigma_abs_medium	rep3
obs_p1	cond0	22.5	33.61459156369049	sigma_rel_medium;sigma_abs_medium	rep3
obs_p1	cond0	25.0	46.90385282323619	sigma_rel_medium;sigma_abs_medium	rep3
obs_p1	cond0	27.5	43.12746072433619	sigma_rel_medium;sigma_abs_medium	rep3
obs_p1	cond0	30.0	62.76218389116216	sigma_rel_medium;sigma_abs_medium	rep3
obs_p1	cond0	32.5	67.62548167294904	sigma_rel_medium;sigma_abs_medium	rep3
obs_p1	cond0	35.0	84.37564423340542	sigma_rel_medium;sigma_abs_medium	rep3
obs_p1	cond0	37.5	81.53371835907012	sigma_rel_medium;sigma_abs_medium	rep3
obs_p1	cond0	40.0	78.02106003738074	sigma_rel_medium;sigma_abs_medium	rep3
obs_p1	cond0	42.5	99.19618379630047	sigma_rel_medium;sigma_abs_medium	rep3
obs_p1	cond0	45.0	114.95788713942049	sigma_rel_medium;sigma_abs_medium	rep3
obs_p1	cond0	47.5	93.5114388474233	sigma_rel_medium;sigma_abs_medium	rep3
obs_p1	cond0	50.0	143.4024339223101	sigma_rel_medium;sigma_abs_medium	rep3
obs_p5	cond0	0.0	0.6932269264173399	sigma_rel_medium;sigma_abs_medium	rep3
obs_p5	cond0	2.5	4.583134953733091	sigma_rel_medium;sigma_abs_medium	rep3
obs_p5	cond0	5.0	13.45290262977874	sigma_rel_medium;sigma_abs_medium	rep3
obs_p5	cond0	7.5	31.713203585199228	sigma_rel_medium;sigma_abs_medium	rep3
obs_p5	cond0	10.0	49.690517702497324	sigma_rel_medium;sigma_abs_medium	rep3
obs_p5	cond0	12.5	41.685817406733634	sigma_rel_medium;sigma_abs_medium	rep3
obs_p5	cond0	15.0	65.63061702590308	sigma_rel_medium;sigma_abs_medium	rep3
obs_p5	cond0	17.5	75.20393823271631	sigma_rel_medium;sigma_abs_medium	rep3
obs_p5	cond0	20.0	77.3962813240717	sigma_rel_medium;sigma_abs_medium	rep3
obs_p5	cond0	22.5	78.84161937924009	sigma_rel_medium;sigma_abs_medium	rep3
obs_p5	cond0	25.0	96.87744142774096	sigma_rel_medium;sigma_abs_medium	rep3
obs_p5	cond0	27.5	77.91836302338292	sigma_rel_medium;sigma_abs_medium	rep3
obs_p5	cond0	30.0	84.19448619226974	sigma_rel_medium;sigma_abs_medium	rep3
obs_p5	cond0	32.5	96.90769429220401	sigma_rel_medium;sigma_abs_medium	rep3
obs_p5	cond0	35.0	79.30866318462391	sigma_rel_medium;sigma_abs_medium	rep3
obs_p5	cond0	37.5	93.46438050462936	sigma_rel_medium;sigma_abs_medium	rep3
obs_p5	cond0	40.0	110.70989827327294	sigma_rel_medium;sigma_abs_medium	rep3
obs_p5	cond0	42.5	119.0510668453339	sigma_rel_medium;sigma_abs_medium	rep3
obs_p5	cond0	45.0	84.53995991685392	sigma_rel_medium;sigma_abs_medium	rep3
obs_p5	cond0	47.5	101.66075085588038	sigma_rel_medium;sigma_abs_medium	rep3
obs_p5	cond0	50.0	111.87600466512266	sigma_rel_medium;sigma_abs_medium	rep3
obs_p11	cond0	0.0	-0.6421998573607428	sigma_rel_medium;sigma_abs_medium	rep3
obs_p11	cond0	2.5	0.7136191715942035	sigma_rel_medium;sigma_abs_medium	rep3
obs_p11	cond0	5.0	6.235512028914466	sigma_rel_medium;sigma_abs_medium	rep3
obs_p11	cond0	7.5	9.787317588022995	sigma_rel_medium;sigma_abs_medium	rep3
obs_p11	cond0	10.0	15.072225642068283	sigma_rel_medium;sigma_abs_medium	rep3
obs_p11	cond0	12.5	21.54165545024357	sigma_rel_medium;sigma_abs_medium	rep3
obs_p11	cond0	15.0	24.292412811870726	sigma_rel_medium;sigma_abs_medium	rep3
obs_p11	cond0	17.5	34.984211658145895	sigma_rel_medium;sigma_abs_medium	rep3
obs_p11	cond0	20.0	27.75481069663656	sigma_rel_medium;sigma_abs_medium	rep3
obs_p11	cond0	22.5	38.51726163791132	sigma_rel_medium;sigma_abs_medium	rep3
obs_p11	cond0	25.0	55.059867086064	sigma_rel_medium;sigma_abs_medium	rep3
obs_p11	cond0	27.5	51.2490908349362	sigma_rel_medium;sigma_abs_medium	rep3
obs_p11	cond0	30.0	54.063885149731746	sigma_rel_medium;sigma_abs_medium	rep3
obs_p11	cond0	32.5	64.40021101750337	sigma_rel_medium;sigma_abs_medium	rep3
obs_p11	cond0	35.0	49.118783881166436	sigma_rel_medium;sigma_abs_medium	rep3
obs_p11	cond0	37.5	62.18234927439875	sigma_rel_medium;sigma_abs_medium	rep3
obs_p11	cond0	40.0	62.588757609207434	sigma_rel_medium;sigma_abs_medium	rep3
obs_p11	cond0	42.5	72.36354905287506	sigma_rel_medium;sigma_abs_medium	rep3
obs_p11	cond0	45.0	75.49567304634544	sigma_rel_medium;sigma_abs_medium	rep3
obs_p11	cond0	47.5	66.58986670072301	sigma_rel_medium;sigma_abs_medium	rep3
obs_p11	cond0	50.0	80.3827344325502	sigma_rel_medium;sigma_abs_medium	rep3
obs_p17	cond0	0.0	0.7360621668582477	sigma_rel_medium;sigma_abs_medium	rep3
obs_p17	cond0	2.5	0.155142577692305	sigma_rel_medium;sigma_abs_medium	rep3
obs_p17	cond0	5.0	0.6358292119353549	sigma_rel_medium;sigma_abs_medium	rep3
obs_p17	cond0	7.5	1.1628634897589112	sigma_rel_medium;sigma_abs_medium	rep3
obs_p17	cond0	10.0	2.70446481619033	sigma_rel_medium;sigma_abs_medium	rep3
obs_p17	cond0	12.5	3.0548912549481786	sigma_rel_medium;sigma_abs_medium	rep3
obs_p17	cond0	15.0	5.315200674514782	sigma_rel_medium;sigma_abs_medium	rep3
obs_p17	cond0	17.5	9.576376256717573	sigma_rel_medium;sigma_abs_medium	rep3
obs_p17	cond0	20.0	11.420405659328317	sigma_rel_medium;sigma_abs_medium	rep3
obs_p17	cond0	22.5	19.4827875484657	sigma_rel_medium;sigma_abs_medium	rep3
obs_p17	cond0	25.0	18.64565375830934	sigma_rel_medium;sigma_abs_medium	rep3
obs_p17	cond0	27.5	28.776591031679178	sigma_rel_medium;sigma_abs_medium	rep3
obs_p17	cond0	30.0	37.513880006438775	sigma_rel_medium;sigma_abs_medium	rep3
obs_p17	cond0	32.5	36.073236779424654	sigma_rel_medium;sigma_abs_medium	rep3
obs_p17	cond0	35.0	36.502041139059486	sigma_rel_medium;sigma_abs_medium	rep3
obs_p17	cond0	37.5	49.273323548175	sigma_rel_medium;sigma_abs_medium	rep3
obs_p17	cond0	40.0	62.229392154599516	sigma_rel_medium;sigma_abs_medium	rep3
obs_p17	cond0	42.5	70.00070216560738	sigma_rel_medium;sigma_abs_medium	rep3
obs_p17	cond0	45.0	72.99283452976236	sigma_rel_medium;sigma_abs_medium	rep3
obs_p17	cond0	47.5	89.95669422275543	sigma_rel_medium;sigma_abs_medium	rep3
obs_p17	cond0	50.0	92.61275946612932	sigma_rel_medium;sigma_abs_medium	rep3
obs_p18	cond0	0.0	0.3857467240475927	sigma_rel_medium;sigma_abs_medium	rep3
obs_p18	cond0	2.5	0.2942631750600564	sigma_rel_medium;sigma_abs_medium	rep3
obs_p18	cond0	5.0	1.970053438583962	sigma_rel_medium;sigma_abs_medium	rep3
obs_p18	cond0	7.5	4.468556314173476	sigma_rel_medium;sigma_abs_medium	rep3
obs_p18	cond0	10.0	4.020621935484124	sigma_rel_medium;sigma_abs_medium	rep3
obs_p18	cond0	12.5	6.319565131785371	sigma_rel_medium;sigma_abs_medium	rep3
obs_p18	cond0	15.0	7.940031640004508	sigma_rel_medium;sigma_abs_medium	rep3
obs_p18	cond0	17.5	8.408954005239169	sigma_rel_medium;sigma_abs_medium	rep3
obs_p18	cond0	20.0	8.996206598715753	sigma_rel_medium;sigma_abs_medium	rep3
obs_p18	cond0	22.5	11.464192526634267	sigma_rel_medium;sigma_abs_medium	rep3
obs_p18	cond0	25.0	13.015487078791676	sigma_rel_medium;sigma_abs_medium	rep3
obs_p18	cond0	27.5	12.181834474136439	sigma_rel_medium;sigma_abs_medium	rep3
obs_p18	cond0	30.0	10.521256608708347	sigma_rel_medium;sigma_abs_medium	rep3
obs_p18	cond0	32.5	9.875091095707468	sigma_rel_medium;sigma_abs_medium	rep3
obs_p18	cond0	35.0	12.83542980991691	sigma_rel_medium;sigma_abs_medium	rep3
obs_p18	cond0	37.5	11.351513916352637	sigma_rel_medium;sigma_abs_medium	rep3
obs_p18	cond0	40.0	9.864970033387614	sigma_rel_medium;sigma_abs_medium	rep3
obs_p18	cond0	42.5	11.99372123988851	sigma_rel_medium;sigma_abs_medium	rep3
obs_p18	cond0	45.0	12.573067539934732	sigma_rel_medium;sigma_abs_medium	rep3
obs_p18	cond0	47.5	12.77190106798484	sigma_rel_medium;sigma_abs_medium	rep3
obs_p18	cond0	50.0	12.741378416039788	sigma_rel_medium;sigma_abs_medium	rep3
obs_p19	cond0	0.0	-0.5670662970247472	sigma_rel_medium;sigma_abs_medium	rep3
obs_p19	cond0	2.5	0.6070887018232043	sigma_rel_medium;sigma_abs_medium	rep3
obs_p19	cond0	5.0	1.262453892205218	sigma_rel_medium;sigma_abs_medium	rep3
obs_p19	cond0	7.5	0.8796796170518031	sigma_rel_medium;sigma_abs_medium	rep3
obs_p19	cond0	10.0	1.4191808439378626	sigma_rel_medium;sigma_abs_medium	rep3
obs_p19	cond0	12.5	1.6156837266960506	sigma_rel_medium;sigma_abs_medium	rep3
obs_p19	cond0	15.0	1.5465223014370282	sigma_rel_medium;sigma_abs_medium	rep3
obs_p19	cond0	17.5	2.19080182025327	sigma_rel_medium;sigma_abs_medium	rep3
obs_p19	cond0	20.0	2.1337135750292857	sigma_rel_medium;sigma_abs_medium	rep3
obs_p19	cond0	22.5	3.2785624047837603	sigma_rel_medium;sigma_abs_medium	rep3
obs_p19	cond0	25.0	3.7529699501569493	sigma_rel_medium;sigma_abs_medium	rep3
obs_p19	cond0	27.5	3.4797812650899296	sigma_rel_medium;sigma_abs_medium	rep3
obs_p19	cond0	30.0	4.047820946943458	sigma_rel_medium;sigma_abs_medium	rep3
obs_p19	cond0	32.5	5.919321280690358	sigma_rel_medium;sigma_abs_medium	rep3
obs_p19	cond0	35.0	6.623038831917987	sigma_rel_medium;sigma_abs_medium	rep3
obs_p19	cond0	37.5	9.837256380785874	sigma_rel_medium;sigma_abs_medium	rep3
obs_p19	cond0	40.0	9.108471298390716	sigma_rel_medium;sigma_abs_medium	rep3
obs_p19	cond0	42.5	10.669156830742153	sigma_rel_medium;sigma_abs_medium	rep3
obs_p19	cond0	45.0	12.798851450663685	sigma_rel_medium;sigma_abs_medium	rep3
obs_p19	cond0	47.5	13.199322605799674	sigma_rel_medium;sigma_abs_medium	rep3
obs_p19	cond0	50.0	13.130161460540503	sigma_rel_medium;sigma_abs_medium	rep3
